holder,cricinfo_id,qid,status,source,fetched_at
Aaron Finch,5334,Q4662015,found,https://www.wikidata.org/wiki/Q4662015,2026-10-03T11:43:08.848215+00:00
Amelia Kerr,803971,Q27898955,found,https://www.wikidata.org/wiki/Q27898955,2026-10-03T11:43:08.848215+00:00
Babar Azam,348144,Q4837515,found,https://www.wikidata.org/wiki/Q4837515,2026-10-03T11:43:08.848215+00:00
Belinda Clark,53413,Q3195953,found,https://www.wikidata.org/wiki/Q3195953,2026-10-03T11:43:08.848215+00:00
Chaminda Vaas,50804,Q2737023,found,https://www.wikidata.org/wiki/Q2737023,2026-10-03T11:43:08.848215+00:00
Debbie Hockley,54298,Q5247936,found,https://www.wikidata.org/wiki/Q5247936,2026-10-03T11:43:08.848215+00:00
Deepti Sharma,597811,Q21622838,found,https://www.wikidata.org/wiki/Q21622838,2026-10-03T11:43:08.848215+00:00
Glenn McGrath,6565,Q1392178,found,https://www.wikidata.org/wiki/Q1392178,2026-10-03T11:43:08.848215+00:00
Harmanpreet Kaur,372317,Q3525920,found,https://www.wikidata.org/wiki/Q3525920,2026-10-03T11:43:08.848215+00:00
Jhulan Goswami,53932,Q3526852,found,https://www.wikidata.org/wiki/Q3526852,2026-10-03T11:43:08.848215+00:00
Laura Cardoso,1283421,Q111802379,found,https://www.wikidata.org/wiki/Q111802379,2026-10-03T11:43:08.848215+00:00
Lucia Taylor,,,missing,https://query.wikidata.org/sparql,2026-10-03T11:43:08.848215+00:00
Marizanne Kapp,351836,Q6766105,found,https://www.wikidata.org/wiki/Q6766105,2026-10-03T11:43:08.848215+00:00
Meg Lanning,329336,Q6807995,found,https://www.wikidata.org/wiki/Q6807995,2026-10-03T11:43:08.848215+00:00
Mithali Raj,54273,Q3520476,found,https://www.wikidata.org/wiki/Q3520476,2026-10-03T11:43:08.848215+00:00
Muttiah Muralitharan,49636,Q379709,found,https://www.wikidata.org/wiki/Q379709,2026-10-03T11:43:08.848215+00:00
Paul Stirling,303427,Q3529797,found,https://www.wikidata.org/wiki/Q3529797,2026-10-03T11:43:08.848215+00:00
Rashid Khan,,,ambiguous,https://query.wikidata.org/sparql,2026-10-03T11:43:08.848215+00:00
Rohit Sharma,,,ambiguous,https://query.wikidata.org/sparql,2026-10-03T11:43:08.848215+00:00
Sachin Tendulkar,,,missing,https://query.wikidata.org/sparql,2026-10-03T11:43:08.848215+00:00
Sajjida Shah,55003,Q12980620,found,https://www.wikidata.org/wiki/Q12980620,2026-10-03T11:43:08.848215+00:00
Shabnim Ismail,276997,Q7460129,found,https://www.wikidata.org/wiki/Q7460129,2026-10-03T11:43:08.848215+00:00
Shakib Al Hasan,56143,Q266104,found,https://www.wikidata.org/wiki/Q266104,2026-10-03T11:43:08.848215+00:00
Smriti Mandhana,597806,Q16224802,found,https://www.wikidata.org/wiki/Q16224802,2026-10-03T11:43:08.848215+00:00
Sonam Yeshey,,,missing,https://query.wikidata.org/sparql,2026-10-03T11:43:08.848215+00:00
Suzie Bates,54565,Q5010566,found,https://www.wikidata.org/wiki/Q5010566,2026-10-03T11:43:08.848215+00:00
Virat Kohli,253802,Q213854,found,https://www.wikidata.org/wiki/Q213854,2026-10-03T11:43:08.848215+00:00
