team,qid,hi,ta,status,source,fetched_at
Africa XI,,,,missing,https://query.wikidata.org/sparql,2026-10-03T11:34:19.701913+00:00
Argentina,Q414,अर्जेण्टीना,அர்கெந்தீனா,found,https://www.wikidata.org/wiki/Q414,2026-10-03T11:34:19.701913+00:00
Asia XI,,,,missing,https://query.wikidata.org/sparql,2026-10-03T11:34:19.701913+00:00
Australia,Q408,ऑस्ट्रेलिया,அவுத்திரேலியா,found,https://www.wikidata.org/wiki/Q408,2026-10-03T11:34:19.701913+00:00
Austria,Q40,ऑस्ट्रिया,ஆஸ்திரியா,found,https://www.wikidata.org/wiki/Q40,2026-10-03T11:34:19.701913+00:00
Bahamas,Q778,बहामास,பகாமாசு,found,https://www.wikidata.org/wiki/Q778,2026-10-03T11:34:19.701913+00:00
Bahrain,Q398,बहरीन,பகுறைன்,found,https://www.wikidata.org/wiki/Q398,2026-10-03T11:34:19.701913+00:00
Bangladesh,Q902,बांग्लादेश,வங்காளதேசம்,found,https://www.wikidata.org/wiki/Q902,2026-10-03T11:34:19.701913+00:00
Barbados,Q244,बारबाडोस,பார்படோசு,found,https://www.wikidata.org/wiki/Q244,2026-10-03T11:34:19.701913+00:00
Belgium,Q31,बेल्जियम,பெல்ஜியம்,found,https://www.wikidata.org/wiki/Q31,2026-10-03T11:34:19.701913+00:00
Belize,Q242,बेलीज़,பெலீசு,found,https://www.wikidata.org/wiki/Q242,2026-10-03T11:34:19.701913+00:00
Bermuda,,,,missing,https://query.wikidata.org/sparql,2026-10-03T11:34:19.701913+00:00
Bhutan,Q917,भूटान,பூட்டான்,found,https://www.wikidata.org/wiki/Q917,2026-10-03T11:34:19.701913+00:00
Botswana,Q963,बोत्सवाना,போட்சுவானா,found,https://www.wikidata.org/wiki/Q963,2026-10-03T11:34:19.701913+00:00
Brazil,Q155,ब्राज़ील,பிரேசில்,found,https://www.wikidata.org/wiki/Q155,2026-10-03T11:34:19.701913+00:00
Bulgaria,Q219,बुल्गारिया,பல்காரியா,found,https://www.wikidata.org/wiki/Q219,2026-10-03T11:34:19.701913+00:00
Cambodia,Q424,कम्बोडिया,கம்போடியா,found,https://www.wikidata.org/wiki/Q424,2026-10-03T11:34:19.701913+00:00
Cameroon,Q1009,कैमरुन,கமரூன்,found,https://www.wikidata.org/wiki/Q1009,2026-10-03T11:34:19.701913+00:00
Canada,Q16,कनाडा,கனடா,found,https://www.wikidata.org/wiki/Q16,2026-10-03T11:34:19.701913+00:00
Cayman Islands,,,,missing,https://query.wikidata.org/sparql,2026-10-03T11:34:19.701913+00:00
Chile,Q298,चिली,சிலி,found,https://www.wikidata.org/wiki/Q298,2026-10-03T11:34:19.701913+00:00
China,,,,missing,https://query.wikidata.org/sparql,2026-10-03T11:34:19.701913+00:00
Cook Islands,Q26988,कुक द्वीपसमूह,குக் தீவுகள்,found,https://www.wikidata.org/wiki/Q26988,2026-10-03T11:34:19.701913+00:00
Costa Rica,Q800,कोस्टा रिका,கோஸ்ட்டா ரிக்கா,found,https://www.wikidata.org/wiki/Q800,2026-10-03T11:34:19.701913+00:00
Croatia,Q224,क्रोएशिया,குரோவாசியா,found,https://www.wikidata.org/wiki/Q224,2026-10-03T11:34:19.701913+00:00
Cyprus,Q229,साइप्रस,சைப்பிரஸ்,found,https://www.wikidata.org/wiki/Q229,2026-10-03T11:34:19.701913+00:00
Czech Republic,Q213,चेक गणराज्य,செக் குடியரசு,found,https://www.wikidata.org/wiki/Q213,2026-10-03T11:34:19.701913+00:00
Denmark,,,,ambiguous,https://query.wikidata.org/sparql,2026-10-03T11:34:19.701913+00:00
England,Q21,इंग्लैण्ड,இங்கிலாந்து,found,https://www.wikidata.org/wiki/Q21,2026-10-03T11:34:19.701913+00:00
Estonia,Q191,एस्टोनिया,எசுத்தோனியா,found,https://www.wikidata.org/wiki/Q191,2026-10-03T11:34:19.701913+00:00
Eswatini,Q1050,एस्वातीनी,எசுவாத்தினி,found,https://www.wikidata.org/wiki/Q1050,2026-10-03T11:34:19.701913+00:00
Fiji,Q712,फ़िजी,பிஜி,found,https://www.wikidata.org/wiki/Q712,2026-10-03T11:34:19.701913+00:00
Finland,Q33,फ़िनलैण्ड,பின்லாந்து,found,https://www.wikidata.org/wiki/Q33,2026-10-03T11:34:19.701913+00:00
France,Q142,फ़्रान्स,பிரான்சு,found,https://www.wikidata.org/wiki/Q142,2026-10-03T11:34:19.701913+00:00
Gambia,Q1005,गाम्बिया,காம்பியா,found,https://www.wikidata.org/wiki/Q1005,2026-10-03T11:34:19.701913+00:00
Germany,Q183,जर्मनी,செருமனி,found,https://www.wikidata.org/wiki/Q183,2026-10-03T11:34:19.701913+00:00
Ghana,Q117,घाना,கானா,found,https://www.wikidata.org/wiki/Q117,2026-10-03T11:34:19.701913+00:00
Gibraltar,Q1410,जिब्राल्टर,ஜிப்ரால்ட்டர்,found,https://www.wikidata.org/wiki/Q1410,2026-10-03T11:34:19.701913+00:00
Greece,Q41,यूनान,கிரேக்கம்,found,https://www.wikidata.org/wiki/Q41,2026-10-03T11:34:19.701913+00:00
Guernsey,,,,missing,https://query.wikidata.org/sparql,2026-10-03T11:34:19.701913+00:00
Hong Kong,,,,missing,https://query.wikidata.org/sparql,2026-10-03T11:34:19.701913+00:00
Hungary,Q28,हंगरी,அங்கேரி,found,https://www.wikidata.org/wiki/Q28,2026-10-03T11:34:19.701913+00:00
ICC World XI,,,,missing,https://query.wikidata.org/sparql,2026-10-03T11:34:19.701913+00:00
India,Q668,भारत,இந்தியா,found,https://www.wikidata.org/wiki/Q668,2026-10-03T11:34:19.701913+00:00
Indonesia,Q252,इंडोनेशिया,இந்தோனேசியா,found,https://www.wikidata.org/wiki/Q252,2026-10-03T11:34:19.701913+00:00
Iran,Q794,ईरान,ஈரான்,found,https://www.wikidata.org/wiki/Q794,2026-10-03T11:34:19.701913+00:00
Ireland,Q27,आयरलैण्ड,அயர்லாந்து குடியரசு,found,https://www.wikidata.org/wiki/Q27,2026-10-03T11:34:19.701913+00:00
Isle of Man,,,,missing,https://query.wikidata.org/sparql,2026-10-03T11:34:19.701913+00:00
Israel,Q801,इज़राइल,இசுரேல்,found,https://www.wikidata.org/wiki/Q801,2026-10-03T11:34:19.701913+00:00
Italy,Q38,इटली,இத்தாலி,found,https://www.wikidata.org/wiki/Q38,2026-10-03T11:34:19.701913+00:00
Ivory Coast,Q1008,कोत दिव्वार,கோட் டிவார்,found,https://www.wikidata.org/wiki/Q1008,2026-10-03T11:34:21.446361+00:00
Japan,Q17,जापान,ஜப்பான்,found,https://www.wikidata.org/wiki/Q17,2026-10-03T11:34:21.446361+00:00
Jersey,,,,missing,https://query.wikidata.org/sparql,2026-10-03T11:34:21.446361+00:00
Kenya,Q114,केन्या,கென்யா,found,https://www.wikidata.org/wiki/Q114,2026-10-03T11:34:21.446361+00:00
Kuwait,Q817,कुवैत,குவைத்,found,https://www.wikidata.org/wiki/Q817,2026-10-03T11:34:21.446361+00:00
Lesotho,Q1013,लेसोथो,லெசோத்தோ,found,https://www.wikidata.org/wiki/Q1013,2026-10-03T11:34:21.446361+00:00
Luxembourg,Q32,लक्ज़मबर्ग,லக்சம்பர்க்,found,https://www.wikidata.org/wiki/Q32,2026-10-03T11:34:21.446361+00:00
Malawi,Q1020,मलावी,மலாவி,found,https://www.wikidata.org/wiki/Q1020,2026-10-03T11:34:21.446361+00:00
Malaysia,Q833,मलेशिया,மலேசியா,found,https://www.wikidata.org/wiki/Q833,2026-10-03T11:34:21.446361+00:00
Maldives,Q826,मालदीव,மாலைத்தீவுகள்,found,https://www.wikidata.org/wiki/Q826,2026-10-03T11:34:21.446361+00:00
Mali,Q912,माली,மாலி,found,https://www.wikidata.org/wiki/Q912,2026-10-03T11:34:21.446361+00:00
Malta,Q233,माल्टा,மால்ட்டா,found,https://www.wikidata.org/wiki/Q233,2026-10-03T11:34:21.446361+00:00
Mexico,Q96,मेक्सिको,மெக்சிக்கோ,found,https://www.wikidata.org/wiki/Q96,2026-10-03T11:34:21.446361+00:00
Mongolia,Q711,मंगोलिया,மங்கோலியா,found,https://www.wikidata.org/wiki/Q711,2026-10-03T11:34:21.446361+00:00
Mozambique,Q1029,मोज़ाम्बीक,மொசாம்பிக்,found,https://www.wikidata.org/wiki/Q1029,2026-10-03T11:34:21.446361+00:00
Myanmar,Q836,म्यान्मार,மியான்மர்,found,https://www.wikidata.org/wiki/Q836,2026-10-03T11:34:21.446361+00:00
Namibia,Q1030,नामीबिया,நமீபியா,found,https://www.wikidata.org/wiki/Q1030,2026-10-03T11:34:21.446361+00:00
Nepal,Q837,नेपाल,நேபாளம்,found,https://www.wikidata.org/wiki/Q837,2026-10-03T11:34:21.446361+00:00
Netherlands,,,,ambiguous,https://query.wikidata.org/sparql,2026-10-03T11:34:21.446361+00:00
New Zealand,Q664,न्यूज़ीलैण्ड,நியூசிலாந்து,found,https://www.wikidata.org/wiki/Q664,2026-10-03T11:34:21.446361+00:00
Nigeria,Q1033,नाइजीरिया,நைஜீரியா,found,https://www.wikidata.org/wiki/Q1033,2026-10-03T11:34:21.446361+00:00
Norway,Q20,नॉर्वे,நோர்வே,found,https://www.wikidata.org/wiki/Q20,2026-10-03T11:34:21.446361+00:00
Oman,,,,ambiguous,https://query.wikidata.org/sparql,2026-10-03T11:34:21.446361+00:00
Pakistan,Q843,पाकिस्तान,பாக்கித்தான்,found,https://www.wikidata.org/wiki/Q843,2026-10-03T11:34:21.446361+00:00
Panama,Q804,पनामा,பனாமா,found,https://www.wikidata.org/wiki/Q804,2026-10-03T11:34:21.446361+00:00
Papua New Guinea,Q691,पापुआ न्यू गिनी,பப்புவா நியூ கினி,found,https://www.wikidata.org/wiki/Q691,2026-10-03T11:34:21.446361+00:00
Peru,Q419,पेरू,பெரு,found,https://www.wikidata.org/wiki/Q419,2026-10-03T11:34:21.446361+00:00
Philippines,Q928,फ़िलीपीन्स,பிலிப்பீன்சு,found,https://www.wikidata.org/wiki/Q928,2026-10-03T11:34:21.446361+00:00
Portugal,Q45,पुर्तगाल,போர்த்துகல்,found,https://www.wikidata.org/wiki/Q45,2026-10-03T11:34:21.446361+00:00
Qatar,Q846,क़तर,கத்தார்,found,https://www.wikidata.org/wiki/Q846,2026-10-03T11:34:21.446361+00:00
Romania,Q218,रोमानिया,உருமேனியா,found,https://www.wikidata.org/wiki/Q218,2026-10-03T11:34:21.446361+00:00
Rwanda,Q1037,रवाण्डा,ருவாண்டா,found,https://www.wikidata.org/wiki/Q1037,2026-10-03T11:34:21.446361+00:00
Samoa,Q683,समोआ,சமோவா,found,https://www.wikidata.org/wiki/Q683,2026-10-03T11:34:21.446361+00:00
Saudi Arabia,Q851,सऊदी अरब,சவூதி அரேபியா,found,https://www.wikidata.org/wiki/Q851,2026-10-03T11:34:21.446361+00:00
Scotland,Q22,स्कॉट्लैण्ड,இசுக்கொட்லாந்து,found,https://www.wikidata.org/wiki/Q22,2026-10-03T11:34:21.446361+00:00
Serbia,Q403,सर्बिया,செர்பியா,found,https://www.wikidata.org/wiki/Q403,2026-10-03T11:34:21.446361+00:00
Seychelles,Q1042,सेशेल्स,சீசெல்சு,found,https://www.wikidata.org/wiki/Q1042,2026-10-03T11:34:21.446361+00:00
Sierra Leone,Q1044,सिएरा लियोन,சியேரா லியோனி,found,https://www.wikidata.org/wiki/Q1044,2026-10-03T11:34:21.446361+00:00
Singapore,Q334,सिंगापुर,சிங்கப்பூர்,found,https://www.wikidata.org/wiki/Q334,2026-10-03T11:34:21.446361+00:00
Slovenia,Q215,स्लोवेनिया,சுலோவீனியா,found,https://www.wikidata.org/wiki/Q215,2026-10-03T11:34:21.446361+00:00
South Africa,Q258,दक्षिण अफ़्रीका,தென்னாப்பிரிக்கா,found,https://www.wikidata.org/wiki/Q258,2026-10-03T11:34:21.446361+00:00
South Korea,Q884,दक्षिण कोरिया,தென் கொரியா,found,https://www.wikidata.org/wiki/Q884,2026-10-03T11:34:21.446361+00:00
Spain,,,,ambiguous,https://query.wikidata.org/sparql,2026-10-03T11:34:21.446361+00:00
Sri Lanka,Q854,श्रीलंका,இலங்கை,found,https://www.wikidata.org/wiki/Q854,2026-10-03T11:34:21.446361+00:00
St Helena,,,,missing,https://query.wikidata.org/sparql,2026-10-03T11:34:21.446361+00:00
Suriname,Q730,सूरीनाम,சுரிநாம்,found,https://www.wikidata.org/wiki/Q730,2026-10-03T11:34:21.446361+00:00
Swaziland,Q1050,एस्वातीनी,எசுவாத்தினி,found,https://www.wikidata.org/wiki/Q1050,2026-10-03T11:34:21.446361+00:00
Sweden,Q34,स्वीडन,சுவீடன்,found,https://www.wikidata.org/wiki/Q34,2026-10-03T11:34:21.446361+00:00
Switzerland,Q39,स्विट्ज़रलैण्ड,சுவிட்சர்லாந்து,found,https://www.wikidata.org/wiki/Q39,2026-10-03T11:34:21.446361+00:00
Tanzania,Q924,तंज़ानिया,தன்சானியா,found,https://www.wikidata.org/wiki/Q924,2026-10-03T11:34:21.446361+00:00
Thailand,Q869,थाईलैंड,தாய்லாந்து,found,https://www.wikidata.org/wiki/Q869,2026-10-03T11:34:22.351769+00:00
Timor-Leste,Q574,पूर्वी तिमोर,கிழக்குத் திமோர்,found,https://www.wikidata.org/wiki/Q574,2026-10-03T11:34:22.351769+00:00
Turkey,Q43,तुर्की,துருக்கி,found,https://www.wikidata.org/wiki/Q43,2026-10-03T11:34:22.351769+00:00
Turks and Caicos Island,,,,missing,https://query.wikidata.org/sparql,2026-10-03T11:34:22.351769+00:00
Uganda,Q1036,युगाण्डा,உகாண்டா,found,https://www.wikidata.org/wiki/Q1036,2026-10-03T11:34:22.351769+00:00
United Arab Emirates,Q878,संयुक्त अरब अमीरात,ஐக்கிய அரபு அமீரகம்,found,https://www.wikidata.org/wiki/Q878,2026-10-03T11:34:22.351769+00:00
United States of America,Q30,संयुक्त राज्य,அமெரிக்க ஐக்கிய நாடு,found,https://www.wikidata.org/wiki/Q30,2026-10-03T11:34:22.351769+00:00
Uzbekistan,Q265,उज़्बेकिस्तान,உசுபெக்கித்தான்,found,https://www.wikidata.org/wiki/Q265,2026-10-03T11:34:22.351769+00:00
Vanuatu,Q686,वानूआटू,வனுவாட்டு,found,https://www.wikidata.org/wiki/Q686,2026-10-03T11:34:22.351769+00:00
West Indies,,,,missing,https://query.wikidata.org/sparql,2026-10-03T11:34:22.351769+00:00
Zambia,Q953,ज़ाम्बिया,சாம்பியா,found,https://www.wikidata.org/wiki/Q953,2026-10-03T11:34:22.351769+00:00
Zimbabwe,Q954,ज़िम्बाब्वे,சிம்பாப்வே,found,https://www.wikidata.org/wiki/Q954,2026-10-03T11:34:22.351769+00:00
