team,gender,label_hi,label_ta,wikidata_qid
Africa XI,men,,,
Argentina,men,अर्जेण्टीना,அர்கெந்தீனா,Q414
Argentina,women,अर्जेण्टीना,அர்கெந்தீனா,Q414
Asia XI,men,,,
Australia,men,ऑस्ट्रेलिया,அவுத்திரேலியா,Q408
Australia,women,ऑस्ट्रेलिया,அவுத்திரேலியா,Q408
Austria,men,ऑस्ट्रिया,ஆஸ்திரியா,Q40
Austria,women,ऑस्ट्रिया,ஆஸ்திரியா,Q40
Bahamas,men,बहामास,பகாமாசு,Q778
Bahrain,men,बहरीन,பகுறைன்,Q398
Bahrain,women,बहरीन,பகுறைன்,Q398
Bangladesh,men,बांग्लादेश,வங்காளதேசம்,Q902
Bangladesh,women,बांग्लादेश,வங்காளதேசம்,Q902
Barbados,women,बारबाडोस,பார்படோசு,Q244
Belgium,men,बेल्जियम,பெல்ஜியம்,Q31
Belgium,women,बेल्जियम,பெல்ஜியம்,Q31
Belize,men,बेलीज़,பெலீசு,Q242
Bermuda,men,,,
Bhutan,men,भूटान,பூட்டான்,Q917
Bhutan,women,भूटान,பூட்டான்,Q917
Botswana,men,बोत्सवाना,போட்சுவானா,Q963
Botswana,women,बोत्सवाना,போட்சுவானா,Q963
Brazil,men,ब्राज़ील,பிரேசில்,Q155
Brazil,women,ब्राज़ील,பிரேசில்,Q155
Bulgaria,men,बुल्गारिया,பல்காரியா,Q219
Bulgaria,women,बुल्गारिया,பல்காரியா,Q219
Cambodia,men,कम्बोडिया,கம்போடியா,Q424
Cambodia,women,कम्बोडिया,கம்போடியா,Q424
Cameroon,men,कैमरुन,கமரூன்,Q1009
Cameroon,women,कैमरुन,கமரூன்,Q1009
Canada,men,कनाडा,கனடா,Q16
Canada,women,कनाडा,கனடா,Q16
Cayman Islands,men,,,
Chile,men,चिली,சிலி,Q298
Chile,women,चिली,சிலி,Q298
China,men,,,
China,women,,,
Cook Islands,men,कुक द्वीपसमूह,குக் தீவுகள்,Q26988
Cook Islands,women,कुक द्वीपसमूह,குக் தீவுகள்,Q26988
Costa Rica,men,कोस्टा रिका,கோஸ்ட்டா ரிக்கா,Q800
Costa Rica,women,कोस्टा रिका,கோஸ்ட்டா ரிக்கா,Q800
Croatia,men,क्रोएशिया,குரோவாசியா,Q224
Croatia,women,क्रोएशिया,குரோவாசியா,Q224
Cyprus,men,साइप्रस,சைப்பிரஸ்,Q229
Cyprus,women,साइप्रस,சைப்பிரஸ்,Q229
Czech Republic,men,चेक गणराज्य,செக் குடியரசு,Q213
Czech Republic,women,चेक गणराज्य,செக் குடியரசு,Q213
Denmark,men,,,
Denmark,women,,,
England,men,इंग्लैण्ड,இங்கிலாந்து,Q21
England,women,इंग्लैण्ड,இங்கிலாந்து,Q21
Estonia,men,एस्टोनिया,எசுத்தோனியா,Q191
Estonia,women,एस्टोनिया,எசுத்தோனியா,Q191
Eswatini,men,एस्वातीनी,எசுவாத்தினி,Q1050
Eswatini,women,एस्वातीनी,எசுவாத்தினி,Q1050
Fiji,men,फ़िजी,பிஜி,Q712
Fiji,women,फ़िजी,பிஜி,Q712
Finland,men,फ़िनलैण्ड,பின்லாந்து,Q33
Finland,women,फ़िनलैण्ड,பின்லாந்து,Q33
France,men,फ़्रान्स,பிரான்சு,Q142
France,women,फ़्रान्स,பிரான்சு,Q142
Gambia,men,गाम्बिया,காம்பியா,Q1005
Germany,men,जर्मनी,செருமனி,Q183
Germany,women,जर्मनी,செருமனி,Q183
Ghana,men,घाना,கானா,Q117
Ghana,women,घाना,கானா,Q117
Gibraltar,men,जिब्राल्टर,ஜிப்ரால்ட்டர்,Q1410
Gibraltar,women,जिब्राल्टर,ஜிப்ரால்ட்டர்,Q1410
Greece,men,यूनान,கிரேக்கம்,Q41
Greece,women,यूनान,கிரேக்கம்,Q41
Guernsey,men,,,
Guernsey,women,,,
Hong Kong,men,,,
Hong Kong,women,,,
Hungary,men,हंगरी,அங்கேரி,Q28
ICC World XI,men,,,
India,men,भारत,இந்தியா,Q668
India,women,भारत,இந்தியா,Q668
Indonesia,men,इंडोनेशिया,இந்தோனேசியா,Q252
Indonesia,women,इंडोनेशिया,இந்தோனேசியா,Q252
Iran,men,ईरान,ஈரான்,Q794
Ireland,men,आयरलैण्ड,அயர்லாந்து குடியரசு,Q27
Ireland,women,आयरलैण्ड,அயர்லாந்து குடியரசு,Q27
Isle of Man,men,,,
Isle of Man,women,,,
Israel,men,इज़राइल,இசுரேல்,Q801
Italy,men,इटली,இத்தாலி,Q38
Italy,women,इटली,இத்தாலி,Q38
Ivory Coast,men,कोत दिव्वार,கோட் டிவார்,Q1008
Japan,men,जापान,ஜப்பான்,Q17
Japan,women,जापान,ஜப்பான்,Q17
Jersey,men,,,
Jersey,women,,,
Kenya,men,केन्या,கென்யா,Q114
Kenya,women,केन्या,கென்யா,Q114
Kuwait,men,कुवैत,குவைத்,Q817
Kuwait,women,कुवैत,குவைத்,Q817
Lesotho,men,लेसोथो,லெசோத்தோ,Q1013
Lesotho,women,लेसोथो,லெசோத்தோ,Q1013
Luxembourg,men,लक्ज़मबर्ग,லக்சம்பர்க்,Q32
Luxembourg,women,लक्ज़मबर्ग,லக்சம்பர்க்,Q32
Malawi,men,मलावी,மலாவி,Q1020
Malawi,women,मलावी,மலாவி,Q1020
Malaysia,men,मलेशिया,மலேசியா,Q833
Malaysia,women,मलेशिया,மலேசியா,Q833
Maldives,men,मालदीव,மாலைத்தீவுகள்,Q826
Maldives,women,मालदीव,மாலைத்தீவுகள்,Q826
Mali,men,माली,மாலி,Q912
Mali,women,माली,மாலி,Q912
Malta,men,माल्टा,மால்ட்டா,Q233
Malta,women,माल्टा,மால்ட்டா,Q233
Mexico,men,मेक्सिको,மெக்சிக்கோ,Q96
Mexico,women,मेक्सिको,மெக்சிக்கோ,Q96
Mongolia,men,मंगोलिया,மங்கோலியா,Q711
Mongolia,women,मंगोलिया,மங்கோலியா,Q711
Mozambique,men,मोज़ाम्बीक,மொசாம்பிக்,Q1029
Mozambique,women,मोज़ाम्बीक,மொசாம்பிக்,Q1029
Myanmar,men,म्यान्मार,மியான்மர்,Q836
Myanmar,women,म्यान्मार,மியான்மர்,Q836
Namibia,men,नामीबिया,நமீபியா,Q1030
Namibia,women,नामीबिया,நமீபியா,Q1030
Nepal,men,नेपाल,நேபாளம்,Q837
Nepal,women,नेपाल,நேபாளம்,Q837
Netherlands,men,,,
Netherlands,women,,,
New Zealand,men,न्यूज़ीलैण्ड,நியூசிலாந்து,Q664
New Zealand,women,न्यूज़ीलैण्ड,நியூசிலாந்து,Q664
Nigeria,men,नाइजीरिया,நைஜீரியா,Q1033
Nigeria,women,नाइजीरिया,நைஜீரியா,Q1033
Norway,men,नॉर्वे,நோர்வே,Q20
Norway,women,नॉर्वे,நோர்வே,Q20
Oman,men,,,
Oman,women,,,
Pakistan,men,पाकिस्तान,பாக்கித்தான்,Q843
Pakistan,women,पाकिस्तान,பாக்கித்தான்,Q843
Panama,men,पनामा,பனாமா,Q804
Papua New Guinea,men,पापुआ न्यू गिनी,பப்புவா நியூ கினி,Q691
Papua New Guinea,women,पापुआ न्यू गिनी,பப்புவா நியூ கினி,Q691
Peru,men,पेरू,பெரு,Q419
Philippines,men,फ़िलीपीन्स,பிலிப்பீன்சு,Q928
Philippines,women,फ़िलीपीन्स,பிலிப்பீன்சு,Q928
Portugal,men,पुर्तगाल,போர்த்துகல்,Q45
Portugal,women,पुर्तगाल,போர்த்துகல்,Q45
Qatar,men,क़तर,கத்தார்,Q846
Qatar,women,क़तर,கத்தார்,Q846
Romania,men,रोमानिया,உருமேனியா,Q218
Romania,women,रोमानिया,உருமேனியா,Q218
Rwanda,men,रवाण्डा,ருவாண்டா,Q1037
Rwanda,women,रवाण्डा,ருவாண்டா,Q1037
Samoa,men,समोआ,சமோவா,Q683
Samoa,women,समोआ,சமோவா,Q683
Saudi Arabia,men,सऊदी अरब,சவூதி அரேபியா,Q851
Saudi Arabia,women,सऊदी अरब,சவூதி அரேபியா,Q851
Scotland,men,स्कॉट्लैण्ड,இசுக்கொட்லாந்து,Q22
Scotland,women,स्कॉट्लैण्ड,இசுக்கொட்லாந்து,Q22
Serbia,men,सर्बिया,செர்பியா,Q403
Serbia,women,सर्बिया,செர்பியா,Q403
Seychelles,men,सेशेल्स,சீசெல்சு,Q1042
Sierra Leone,men,सिएरा लियोन,சியேரா லியோனி,Q1044
Sierra Leone,women,सिएरा लियोन,சியேரா லியோனி,Q1044
Singapore,men,सिंगापुर,சிங்கப்பூர்,Q334
Singapore,women,सिंगापुर,சிங்கப்பூர்,Q334
Slovenia,men,स्लोवेनिया,சுலோவீனியா,Q215
South Africa,men,दक्षिण अफ़्रीका,தென்னாப்பிரிக்கா,Q258
South Africa,women,दक्षिण अफ़्रीका,தென்னாப்பிரிக்கா,Q258
South Korea,men,दक्षिण कोरिया,தென் கொரியா,Q884
South Korea,women,दक्षिण कोरिया,தென் கொரியா,Q884
Spain,men,,,
Spain,women,,,
Sri Lanka,men,श्रीलंका,இலங்கை,Q854
Sri Lanka,women,श्रीलंका,இலங்கை,Q854
St Helena,men,,,
Suriname,men,सूरीनाम,சுரிநாம்,Q730
Swaziland,men,एस्वातीनी,எசுவாத்தினி,Q1050
Sweden,men,स्वीडन,சுவீடன்,Q34
Sweden,women,स्वीडन,சுவீடன்,Q34
Switzerland,men,स्विट्ज़रलैण्ड,சுவிட்சர்லாந்து,Q39
Switzerland,women,स्विट्ज़रलैण्ड,சுவிட்சர்லாந்து,Q39
Tanzania,men,तंज़ानिया,தன்சானியா,Q924
Tanzania,women,तंज़ानिया,தன்சானியா,Q924
Thailand,men,थाईलैंड,தாய்லாந்து,Q869
Thailand,women,थाईलैंड,தாய்லாந்து,Q869
Timor-Leste,men,पूर्वी तिमोर,கிழக்குத் திமோர்,Q574
Turkey,men,तुर्की,துருக்கி,Q43
Turkey,women,तुर्की,துருக்கி,Q43
Turks and Caicos Island,men,,,
Uganda,men,युगाण्डा,உகாண்டா,Q1036
Uganda,women,युगाण्डा,உகாண்டா,Q1036
United Arab Emirates,men,संयुक्त अरब अमीरात,ஐக்கிய அரபு அமீரகம்,Q878
United Arab Emirates,women,संयुक्त अरब अमीरात,ஐக்கிய அரபு அமீரகம்,Q878
United States of America,men,संयुक्त राज्य,அமெரிக்க ஐக்கிய நாடு,Q30
United States of America,women,संयुक्त राज्य,அமெரிக்க ஐக்கிய நாடு,Q30
Uzbekistan,men,उज़्बेकिस्तान,உசுபெக்கித்தான்,Q265
Vanuatu,men,वानूआटू,வனுவாட்டு,Q686
Vanuatu,women,वानूआटू,வனுவாட்டு,Q686
West Indies,men,,,
West Indies,women,,,
Zambia,men,ज़ाम्बिया,சாம்பியா,Q953
Zambia,women,ज़ाम्बिया,சாம்பியா,Q953
Zimbabwe,men,ज़िम्बाब्वे,சிம்பாப்வே,Q954
Zimbabwe,women,ज़िम्बाब्वे,சிம்பாப்வே,Q954
