intent_id,intent,format,gender,holder,value,context,as_of,source_1,source_2,verification,overall_leader,note
T20I_RUNS,most career runs,T20I,women,Smriti Mandhana (India),"4,867",172 innings,2026-09-22,https://en.wikipedia.org/wiki/List_of_women%27s_Twenty20_International_records (edit 2026-09-26),https://www.deccanchronicle.com/sports/asian-games-2026-smriti-mandhana-becomes-first-woman-to-score-11000-international-runs-1989536,V2 two sources,women,"Passed Suzie Bates (4,758) on 2026-09-20 with 4,788; 79 in the Asian Games final on 2026-09-22 took her to 4,867. Dynamic."
T20I_RUNS,most career runs,T20I,men,Babar Azam (Pakistan),"4,596",136 innings,2026-10-01,https://en.wikipedia.org/wiki/List_of_Twenty20_International_records (edit 2026-10-01),https://www.cricketsky.com/babar-azam-p874/,V2 two sources,women,Last T20I 2026-02-24. Overall T20I leader across both lists is Mandhana.
T20I_WKTS,most career wickets,T20I,women,Deepti Sharma (India),189,154 innings,2026-09-22,https://en.wikipedia.org/wiki/List_of_women%27s_Twenty20_International_records (edit 2026-09-26),https://www.mykhel.com/cricket/exclusive-deepti-sharma-on-india-s-asian-games-gold-olympics-454041.html,V2 two sources,men,"Corroboration is derived: 152 wickets at end of 2025 (ICC) + 37 in 2026 (myKhel, 2026-09-22) = 189. Dynamic."
T20I_WKTS,most career wickets,T20I,men,Rashid Khan (Afghanistan),197,118 innings,2026-10-01,https://en.wikipedia.org/wiki/List_of_Twenty20_International_records (edit 2026-10-01),https://www.newsbytesapp.com/news/sports/rashid-khan-shines-vs-india-in-2nd-t20i-stats/story,V2 two sources,men,Cricinfo via NewsBytes: 196 on 2026-09-15; Wikipedia 197 after the next match. Dynamic.
T20I_HS,highest individual score,T20I,women,Lucia Taylor (Argentina),169,"84 balls v Chile, 2023-10-13",2023-10-13,https://en.wikipedia.org/wiki/List_of_women%27s_Twenty20_International_records,https://www.dhakatribune.com/sport/cricket/328079/argentina-women-smash-t20i-record-with-427-against,V2 two sources,men,Best women's score. Overall best is Aaron Finch 172 (men's).
T20I_HS,highest individual score,T20I,men,Aaron Finch (Australia),172,"v Zimbabwe, Harare, 2018-07-03",2018-07-03,https://en.wikipedia.org/wiki/List_of_Twenty20_International_records,https://www.dhakatribune.com/sport/cricket/328079/argentina-women-smash-t20i-record-with-427-against,V2 two sources,men,"Wikipedia lists 164* (Hamza Khan, May 2026) and 164 (Karanbir Singh, Jun 2026) next."
T20I_TEAM,highest team total,T20I,women,Argentina,427/1,"v Chile, Buenos Aires, 2023-10-13",2023-10-13,https://en.wikipedia.org/wiki/List_of_women%27s_Twenty20_International_records,https://www.guinnessworldrecords.com/world-records/448416-highest-team-score-in-a-twenty20-international-female,V2 two sources,women,Highest T20I total in either list. Chile bowled 64 no-balls.
T20I_TEAM,highest team total,T20I,men,Zimbabwe,344/4,"v Gambia, Nairobi, 2024-10-23",2024-10-23,https://en.wikipedia.org/wiki/List_of_Twenty20_International_records,https://www.guinnessworldrecords.com.br/world-records/773929-highest-team-score-in-a-t20-international-male,V2 two sources,women,Austria 322/7 v Hungary (2026-06-28) is second on the men's list.
T20I_BBI,best bowling figures,T20I,women,Laura Cardoso (Brazil),9/4,"3 overs v Lesotho, Gaborone, 2026-04-09",2026-04-09,https://en.wikipedia.org/wiki/List_of_women%27s_Twenty20_International_records,https://en.prothomalo.com/sports/cricket/3ptxn9dk23,V2 two sources,women,ICC: best-ever T20I figures in either men's or women's cricket. Replaces Rohmalia's 7/0 (2024). Guinness-recognised.
T20I_BBI,best bowling figures,T20I,men,Sonam Yeshey (Bhutan),8/7,"4 overs v Myanmar, Gelephu, 2025-12-26",2025-12-26,https://en.wikipedia.org/wiki/List_of_Twenty20_International_records,https://en.prothomalo.com/sports/cricket/3ptxn9dk23,V2 two sources,women,Men's record. Sachin Gill (Kenya) 7/7 in May 2026 is second.
T20I_MATCHES,most matches played,T20I,women,Harmanpreet Kaur (India),211,2009-2026,2026-09-26,https://en.wikipedia.org/wiki/List_of_women%27s_Twenty20_International_records (edit 2026-09-26),,V1 one source (re-check before demo),women,"Onmanorama gave 203 on 2026-08-31, consistent with 211 after the Asia Cup and Asian Games. Dynamic."
T20I_MATCHES,most matches played,T20I,men,Paul Stirling (Ireland),163,2009-2026,2026-10-01,https://en.wikipedia.org/wiki/List_of_Twenty20_International_records (edit 2026-10-01),,V1 one source (re-check before demo),women,Dynamic.
ODI_RUNS,most career runs,ODI,men,Sachin Tendulkar (India),"18,426",452 innings,2026-10-02,https://en.wikipedia.org/wiki/List_of_One_Day_International_cricket_records (edit 2026-10-02),https://www.chaseyoursport.com/cricket/india-vs-west-indies-2026-1st-odi-virat-kohli-15000-runs-55th-century/13508,V2 two sources,men,"Kohli is second on 15,109+ (passed 15,000 on 2026-09-27)."
ODI_RUNS,most career runs,ODI,women,Mithali Raj (India),"7,805","211 innings, 1999-2022",2026-09-30,https://en.wikipedia.org/wiki/List_of_women%27s_One_Day_International_cricket_records (edit 2026-09-30),,V1 one source; long-standing record,men,Retired record.
ODI_WKTS,most career wickets,ODI,men,Muttiah Muralitharan (Sri Lanka),534,350 matches,2026-10-02,https://en.wikipedia.org/wiki/List_of_One_Day_International_cricket_records (edit 2026-10-02),,V1 one source; long-standing record,men,
ODI_WKTS,most career wickets,ODI,women,Jhulan Goswami (India),255,"203 innings, 2002-2022",2026-09-30,https://en.wikipedia.org/wiki/List_of_women%27s_One_Day_International_cricket_records (edit 2026-09-30),https://ianslive.in/t20-wc-deepti-sharma-scripts-history-becomes-leading-wicket-taker-in-womens-cricket--20260628215818,V2 two sources,men,Deepti Sharma has 166 ODI wickets (June 2026).
ODI_HS,highest individual score,ODI,men,Rohit Sharma (India),264,"v Sri Lanka, Kolkata, 2014-11-13",2014-11-13,https://en.wikipedia.org/wiki/List_of_One_Day_International_cricket_records,,V1 one source; long-standing record,men,Shubman Gill made 223* on 2026-09-30 (not a record).
ODI_HS,highest individual score,ODI,women,Amelia Kerr (New Zealand),232*,"v Ireland, Dublin, 2018-06-13",2018-06-13,https://en.wikipedia.org/wiki/List_of_women%27s_One_Day_International_cricket_records,,V1 one source; long-standing record,men,Belinda Clark 229* (1997) is second.
ODI_TEAM,highest team total,ODI,men,England,498/4,"v Netherlands, Amstelveen, 2022-06-17",2022-06-17,https://en.wikipedia.org/wiki/List_of_One_Day_International_cricket_records,,V1 one source; long-standing record,men,
ODI_TEAM,highest team total,ODI,women,New Zealand,491/4,"v Ireland, Dublin, 2018-06-08",2018-06-08,https://en.wikipedia.org/wiki/List_of_women%27s_One_Day_International_cricket_records,,V1 one source; long-standing record,men,
ODI_BBI,best bowling figures,ODI,men,Chaminda Vaas (Sri Lanka),8/19,"v Zimbabwe, Colombo, 2001-12-08",2001-12-08,https://en.wikipedia.org/wiki/List_of_One_Day_International_cricket_records,,V1 one source; long-standing record,men,Overall best by wickets taken.
ODI_BBI,best bowling figures,ODI,women,Sajjida Shah (Pakistan),7/4,"8 overs v Japan, Amsterdam, 2003-07-21",2003-07-21,https://en.wikipedia.org/wiki/List_of_women%27s_One_Day_International_cricket_records,,V1 one source; long-standing record,men,
ODI_MATCHES,most matches played,ODI,men,Sachin Tendulkar (India),463,1989-2012,2026-10-02,https://en.wikipedia.org/wiki/List_of_One_Day_International_cricket_records,,V1 one source; long-standing record,men,
ODI_MATCHES,most matches played,ODI,women,Mithali Raj (India),232,1999-2022,2026-09-30,https://en.wikipedia.org/wiki/List_of_women%27s_One_Day_International_cricket_records,,V1 one source; long-standing record,men,
ODI_100S,most career centuries,ODI,men,Virat Kohli (India),55,303 innings,2026-09-27,https://en.wikipedia.org/wiki/List_of_One_Day_International_cricket_records (edit 2026-10-02),https://www.deccanchronicle.com/amp/sports/virat-kohli-records-his-55th-odi-ton-during-first-match-vs-west-indies-1991045,V2 two sources,men,55th ton on 2026-09-27. Passed Tendulkar (49) in 2023. Dynamic.
ODI_100S,most career centuries,ODI,women,Meg Lanning (Australia),15,102 innings,2026-09-30,https://en.wikipedia.org/wiki/List_of_women%27s_One_Day_International_cricket_records (edit 2026-09-30),,V1 one source (re-check before demo),men,Mandhana has 14 (Wikipedia). Dynamic.
WC_ODI_FIRST,first ODI World Cup,ODI World Cup,women,"1973, England",won by England,,1973,https://en.wikipedia.org/wiki/Women%27s_Cricket_World_Cup,https://sportsdigest.in/?p=203704,V2 two sources,women,Two years before the men's first World Cup. Winner from general record (check before demo).
WC_ODI_FIRST,first ODI World Cup,ODI World Cup,men,"1975, England",won by West Indies,,1975,https://en.wikipedia.org/wiki/Cricket_World_Cup,,V1 one source; long-standing record,women,Winner from general record.
WC_T20_FIRST,first T20 World Cup,T20 World Cup,women,"2009, England",won by England,,2009,https://en.wikipedia.org/wiki/Women%27s_T20_World_Cup,https://en.wikipedia.org/wiki/History_of_the_T20_World_Cup,V2 two sources,men,Women's and men's first events were held concurrently in 2009 (men's second edition).
WC_T20_FIRST,first T20 World Cup,T20 World Cup,men,"2007, South Africa",won by India,,2007,https://en.wikipedia.org/wiki/Men%27s_T20_World_Cup,,V1 one source; long-standing record,men,
WC_ODI_LAST,latest ODI World Cup winner,ODI World Cup,women,India (first title),"2025, India/Sri Lanka",final 2025-11-02,2025-11-02,https://en.wikipedia.org/wiki/Women%27s_Cricket_World_Cup,https://www.icc-cricket.com/tournaments/womens-cricket-worldcup-2025/news/cwc25-final-draws-benchmark-viewership-figures,V2 two sources,women,Most recent 50-over World Cup of either gender.
WC_ODI_LAST,latest ODI World Cup winner,ODI World Cup,men,Australia (6th title),"2023, India",,2023-11-19,https://en.wikipedia.org/wiki/Cricket_World_Cup,,V1 one source; long-standing record,women,Next men's edition 2027.
WC_T20_LAST,latest T20 World Cup winner,T20 World Cup,women,Australia (7th title),"2026, England and Wales",final 2026-07-05 at Lord's,2026-07-05,https://en.wikipedia.org/wiki/Women%27s_T20_World_Cup,https://en.wikipedia.org/wiki/Women%27s_T20_World_Cup,V2 two sources,women,Beat England by 7 wickets.
WC_T20_LAST,latest T20 World Cup winner,T20 World Cup,men,India (3rd title),"2026, India/Sri Lanka","final 2026-03-08, Ahmedabad",2026-03-08,https://en.wikipedia.org/wiki/Men%27s_T20_World_Cup,https://en.wikipedia.org/wiki/2026_Men%27s_T20_World_Cup_final,V2 two sources,women,Beat New Zealand by 96 runs. Most recent T20 World Cup of either gender is the women's (July 2026).
WC_ODI_TITLES,most ODI World Cup titles (team),ODI World Cup,women,Australia,7,,2026-09-02,https://en.wikipedia.org/wiki/Women%27s_Cricket_World_Cup,,V1 one source (re-check before demo),women,
WC_ODI_TITLES,most ODI World Cup titles (team),ODI World Cup,men,Australia,6,,2026-10-02,https://en.wikipedia.org/wiki/Cricket_World_Cup,,V1 one source (re-check before demo),women,
WC_T20_TITLES,most T20 World Cup titles (team),T20 World Cup,women,Australia,7,,2026-07-05,https://en.wikipedia.org/wiki/Women%27s_T20_World_Cup,https://en.wikipedia.org/wiki/Women%27s_T20_World_Cup,V2 two sources,women,
WC_T20_TITLES,most T20 World Cup titles (team),T20 World Cup,men,India,3,,2026-03-08,https://en.wikipedia.org/wiki/Men%27s_T20_World_Cup,https://en.wikipedia.org/wiki/2026_Men%27s_T20_World_Cup_final,V2 two sources,women,
WC_ODI_RUNS,most runs in an ODI World Cup career,ODI World Cup,women,Debbie Hockley (New Zealand),"1,501",,2026-09-02,https://en.wikipedia.org/wiki/Women%27s_Cricket_World_Cup,,V1 one source (re-check before demo),men,
WC_ODI_RUNS,most runs in an ODI World Cup career,ODI World Cup,men,Sachin Tendulkar (India),"2,278",,2026-10-02,https://en.wikipedia.org/wiki/Cricket_World_Cup,,V1 one source (re-check before demo),men,
WC_T20_RUNS,most runs in a T20 World Cup career,T20 World Cup,women,Suzie Bates (New Zealand),"1,254",,2026-09-08,https://en.wikipedia.org/wiki/Women%27s_T20_World_Cup,https://en.wikipedia.org/wiki/Women%27s_T20_World_Cup,V2 two sources,men,
WC_T20_RUNS,most runs in a T20 World Cup career,T20 World Cup,men,Virat Kohli (India),"1,292",,2026-09-19,https://en.wikipedia.org/wiki/Men%27s_T20_World_Cup,,V1 one source (re-check before demo),men,
WC_ODI_WKTS,most wickets in an ODI World Cup career,ODI World Cup,women,Marizanne Kapp (South Africa),44,,2026-09-02,https://en.wikipedia.org/wiki/Women%27s_Cricket_World_Cup,,V1 one source (re-check before demo),men,Passed Jhulan Goswami (43). Dynamic.
WC_ODI_WKTS,most wickets in an ODI World Cup career,ODI World Cup,men,Glenn McGrath (Australia),71,,2026-10-02,https://en.wikipedia.org/wiki/Cricket_World_Cup,,V1 one source (re-check before demo),men,
WC_T20_WKTS,most wickets in a T20 World Cup career,T20 World Cup,women,Shabnim Ismail (South Africa),51,,2026-09-08,https://en.wikipedia.org/wiki/Women%27s_T20_World_Cup,https://en.wikipedia.org/wiki/Women%27s_T20_World_Cup,V2 two sources,women,
WC_T20_WKTS,most wickets in a T20 World Cup career,T20 World Cup,men,Shakib Al Hasan (Bangladesh),50,,2026-09-19,https://en.wikipedia.org/wiki/Men%27s_T20_World_Cup,,V1 one source (re-check before demo),women,
FIRST_T20I,first T20 International,T20I,women,"England v New Zealand, Hove",2004-08-05,New Zealand won by 9 runs,2004-08-05,https://en.wikipedia.org/wiki/Women%27s_Twenty20_International,https://olympics.com/en/news/first-t20-cricket-match,V2 two sources,women,Six months before the first men's T20I.
FIRST_T20I,first T20 International,T20I,men,"Australia v New Zealand, Eden Park, Auckland",2005-02-17,,2005-02-17,https://olympics.com/en/news/first-t20-cricket-match,https://en.wikipedia.org/wiki/Women%27s_Twenty20_International,V2 two sources,women,
FIRST_ODI_200,first ODI double century,ODI,women,Belinda Clark (Australia),229*,"v Denmark, Mumbai, 1997-12-16",1997-12-16,https://en.wikipedia.org/wiki/List_of_women%27s_One_Day_International_cricket_records,https://sportsdigest.in/?p=203704,V2 two sources,women,Almost 13 years before the first men's ODI double century.
FIRST_ODI_200,first ODI double century,ODI,men,Sachin Tendulkar (India),200*,"v South Africa, Gwalior, 2010-02-24",2010-02-24,https://en.wikipedia.org/wiki/List_of_One_Day_International_cricket_records (progression table: First man to achieve an ODI double century),,V1 one source (re-check before demo),women,
