id,lang,slice,source,q,gold,pred,conf,ok,text,error
ta-aya-train-5a69e8e6-010118,ta,plain,aya,gender_signal,none,none,1.0,1,"
2022 FIFA உலகக் கோப்பையை வென்ற நாடு எது?
",
ta-aya-train-5a69e8e6-010118,ta,plain,aya,topic,other_sport_stat,non_sport,1.0,0,"
2022 FIFA உலகக் கோப்பையை வென்ற நாடு எது?
",
en-nq-train-7070589b-080147,en,plain,nq_open,gender_signal,none,none,1.0,1,when did brazil win the soccer world cup,
en-nq-train-7070589b-080147,en,plain,nq_open,topic,other_sport_stat,non_sport,1.0,0,when did brazil win the soccer world cup,
en-nq-train-7070589b-069790,en,plain,nq_open,gender_signal,none,none,1.0,1,where is the fifa world cup going on,
en-nq-train-7070589b-069790,en,plain,nq_open,topic,other_sport_stat,non_sport,1.0,0,where is the fifa world cup going on,
en-nq-train-7070589b-051309,en,plain,nq_open,gender_signal,none,none,1.0,1,who won the world cup in soccer 2014,
en-nq-train-7070589b-051309,en,plain,nq_open,topic,other_sport_stat,other_sport_stat,1.0,1,who won the world cup in soccer 2014,
en-nq-train-7070589b-021657,en,plain,nq_open,gender_signal,none,none,1.0,1,who has won the most world cups in soccer,
en-nq-train-7070589b-021657,en,plain,nq_open,topic,other_sport_stat,other_sport_stat,1.0,1,who has won the most world cups in soccer,
en-nq-train-7070589b-076432,en,plain,nq_open,gender_signal,none,none,1.0,1,who is the youngest player to have scored a goal in the fifa world cup,
en-nq-train-7070589b-076432,en,plain,nq_open,topic,other_sport_stat,other_sport_stat,1.0,1,who is the youngest player to have scored a goal in the fifa world cup,
en-nq-train-7070589b-085102,en,plain,nq_open,gender_signal,none,none,1.0,1,who won the fifa world cup the most times,
en-nq-train-7070589b-085102,en,plain,nq_open,topic,other_sport_stat,other_sport_stat,1.0,1,who won the fifa world cup the most times,
en-nq-train-7070589b-013555,en,plain,nq_open,gender_signal,none,none,1.0,1,who has won more soccer games mexico or usa,
en-nq-train-7070589b-013555,en,plain,nq_open,topic,other_sport_stat,other_sport_stat,1.0,1,who has won more soccer games mexico or usa,
en-nq-train-7070589b-007758,en,plain,nq_open,gender_signal,none,none,1.0,1,who won the fifa under 17 world cup 2017,
en-nq-train-7070589b-007758,en,plain,nq_open,topic,other_sport_stat,other_sport_stat,1.0,1,who won the fifa under 17 world cup 2017,
en-nq-train-7070589b-030621,en,plain,nq_open,gender_signal,none,none,1.0,1,when has argentina won the fifa world cup,
en-nq-train-7070589b-030621,en,plain,nq_open,topic,other_sport_stat,non_sport,1.0,0,when has argentina won the fifa world cup,
en-nq-train-7070589b-065394,en,explicit,nq_open,gender_signal,women,women,1.0,1,when did the women's soccer team win the world cup,
en-nq-train-7070589b-065394,en,explicit,nq_open,topic,other_sport_stat,non_sport,1.0,0,when did the women's soccer team win the world cup,
en-nq-train-7070589b-043188,en,plain,nq_open,gender_signal,none,none,1.0,1,what soccer team beat brazil in the 1998 fifa world cup final,
en-nq-train-7070589b-043188,en,plain,nq_open,topic,other_sport_stat,non_sport,1.0,0,what soccer team beat brazil in the 1998 fifa world cup final,
en-nq-train-7070589b-086067,en,explicit,nq_open,gender_signal,men,men,1.0,1,who won last men's soccer world cup,
en-nq-train-7070589b-086067,en,explicit,nq_open,topic,other_sport_stat,other_sport_stat,1.0,1,who won last men's soccer world cup,
en-nq-train-7070589b-029309,en,plain,nq_open,gender_signal,none,none,1.0,1,when was the last time usa beat mexico in soccer,
en-nq-train-7070589b-029309,en,plain,nq_open,topic,other_sport_stat,other_sport_stat,1.0,1,when was the last time usa beat mexico in soccer,
en-nq-train-7070589b-005130,en,plain,nq_open,gender_signal,none,none,1.0,1,who win the under 17 fifa world cup,
en-nq-train-7070589b-005130,en,plain,nq_open,topic,other_sport_stat,non_sport,1.0,0,who win the under 17 fifa world cup,
en-nq-train-7070589b-003763,en,plain,nq_open,gender_signal,none,none,1.0,1,who has the most fifa world cup wins,
en-nq-train-7070589b-003763,en,plain,nq_open,topic,other_sport_stat,other_sport_stat,1.0,1,who has the most fifa world cup wins,
en-nq-train-7070589b-077149,en,explicit,nq_open,gender_signal,men,none,1.0,0,where will the 2019 fifa mens world cup be held,
en-nq-train-7070589b-077149,en,explicit,nq_open,topic,other_sport_stat,non_sport,1.0,0,where will the 2019 fifa mens world cup be held,
en-nq-train-7070589b-059544,en,plain,nq_open,gender_signal,none,none,1.0,1,when was soccer first introduced in the olympics,
en-nq-train-7070589b-059544,en,plain,nq_open,topic,other_sport_stat,other_sport_stat,1.0,1,when was soccer first introduced in the olympics,
en-nq-train-7070589b-062626,en,plain,nq_open,gender_signal,none,none,1.0,1,which nation is the fifa 2014 world cup holder,
en-nq-train-7070589b-062626,en,plain,nq_open,topic,other_sport_stat,non_sport,1.0,0,which nation is the fifa 2014 world cup holder,
en-nq-train-7070589b-080101,en,plain,nq_open,gender_signal,none,none,1.0,1,who is the host of fifa world cup 2026,
en-nq-train-7070589b-080101,en,plain,nq_open,topic,other_sport_stat,non_sport,1.0,0,who is the host of fifa world cup 2026,
en-nq-train-7070589b-057494,en,explicit,nq_open,gender_signal,women,women,1.0,1,who won the 2016 women's soccer olympics,
en-nq-train-7070589b-057494,en,explicit,nq_open,topic,other_sport_stat,other_sport_stat,1.0,1,who won the 2016 women's soccer olympics,
en-nq-train-7070589b-026342,en,explicit,nq_open,gender_signal,men,men,1.0,1,who won the men's single wimbledon 2017,
en-nq-train-7070589b-026342,en,explicit,nq_open,topic,other_sport_stat,other_sport_stat,1.0,1,who won the men's single wimbledon 2017,
en-nq-train-7070589b-005908,en,explicit,nq_open,gender_signal,women,women,1.0,1,who won the 2018 women's wimbledon final,
en-nq-train-7070589b-005908,en,explicit,nq_open,topic,other_sport_stat,other_sport_stat,1.0,1,who won the 2018 women's wimbledon final,
en-nq-train-7070589b-019138,en,explicit,nq_open,gender_signal,men,men,1.0,1,who won men’s singles 2018 wimbledon championships,
en-nq-train-7070589b-019138,en,explicit,nq_open,topic,other_sport_stat,other_sport_stat,1.0,1,who won men’s singles 2018 wimbledon championships,
en-nq-train-7070589b-051214,en,explicit,nq_open,gender_signal,men,men,1.0,1,who won the men’s single title in the brisbane international tennis played in january 2010,
en-nq-train-7070589b-051214,en,explicit,nq_open,topic,other_sport_stat,other_sport_stat,1.0,1,who won the men’s single title in the brisbane international tennis played in january 2010,
en-nq-train-7070589b-001223,en,plain,nq_open,gender_signal,none,none,1.0,1,first indian to win grand slam in tennis,
en-nq-train-7070589b-001223,en,plain,nq_open,topic,other_sport_stat,other_sport_stat,1.0,1,first indian to win grand slam in tennis,
en-nq-train-7070589b-073221,en,explicit,nq_open,gender_signal,men,none,1.0,0,when is the last time a british man won wimbledon,
en-nq-train-7070589b-073221,en,explicit,nq_open,topic,other_sport_stat,other_sport_stat,1.0,1,when is the last time a british man won wimbledon,
en-nq-train-7070589b-062844,en,explicit,nq_open,gender_signal,men,none,1.0,0,who was the last american man to win wimbledon,
en-nq-train-7070589b-062844,en,explicit,nq_open,topic,other_sport_stat,other_sport_stat,1.0,1,who was the last american man to win wimbledon,
en-nq-train-7070589b-015852,en,explicit,nq_open,gender_signal,women,women,1.0,1,who won the 2018 wimbledon women's championship,
en-nq-train-7070589b-015852,en,explicit,nq_open,topic,other_sport_stat,other_sport_stat,1.0,1,who won the 2018 wimbledon women's championship,
en-nq-validation-b50a30e5-000224,en,plain,nq_open,gender_signal,none,none,1.0,1,who won battle of the sexes tennis game,
en-nq-validation-b50a30e5-000224,en,plain,nq_open,topic,other_sport_stat,other_sport_stat,1.0,1,who won battle of the sexes tennis game,
en-nq-train-7070589b-056641,en,explicit,nq_open,gender_signal,men,none,1.0,0,who has the most titles in mens tennis,
en-nq-train-7070589b-056641,en,explicit,nq_open,topic,other_sport_stat,other_sport_stat,1.0,1,who has the most titles in mens tennis,
en-nq-train-7070589b-031252,en,explicit,nq_open,gender_signal,women,women,1.0,1,who won the women's final at wimbledon this year,
en-nq-train-7070589b-031252,en,explicit,nq_open,topic,other_sport_stat,other_sport_stat,1.0,1,who won the women's final at wimbledon this year,
en-nq-validation-b50a30e5-002788,en,explicit,nq_open,gender_signal,men,none,1.0,0,who has won the mens singles title in the australian open tennis tournament,
en-nq-validation-b50a30e5-002788,en,explicit,nq_open,topic,other_sport_stat,other_sport_stat,1.0,1,who has won the mens singles title in the australian open tennis tournament,
en-nq-train-7070589b-040298,en,plain,nq_open,gender_signal,none,none,1.0,1,who has the most grand slam victories in tennis,
en-nq-train-7070589b-040298,en,plain,nq_open,topic,other_sport_stat,other_sport_stat,1.0,1,who has the most grand slam victories in tennis,
en-nq-train-7070589b-000621,en,plain,nq_open,gender_signal,none,none,1.0,1,record amount of aces in a tennis match,
en-nq-train-7070589b-000621,en,plain,nq_open,topic,other_sport_stat,other_sport_stat,1.0,1,record amount of aces in a tennis match,
en-nq-train-7070589b-087789,en,explicit,nq_open,gender_signal,women,women,1.0,1,who won the us open tennis women's singles championship in 2013,
en-nq-train-7070589b-087789,en,explicit,nq_open,topic,other_sport_stat,other_sport_stat,1.0,1,who won the us open tennis women's singles championship in 2013,
en-nq-train-7070589b-085254,en,explicit,nq_open,gender_signal,women,women,1.0,1,who won the most grand slams in women's tennis,
en-nq-train-7070589b-085254,en,explicit,nq_open,topic,other_sport_stat,other_sport_stat,1.0,1,who won the most grand slams in women's tennis,
en-nq-train-7070589b-066536,en,explicit,nq_open,gender_signal,men,men,1.0,1,who has won the men's single title in the australian open tennis tournament 2018,
en-nq-train-7070589b-066536,en,explicit,nq_open,topic,other_sport_stat,other_sport_stat,1.0,1,who has won the men's single title in the australian open tennis tournament 2018,
en-nq-train-7070589b-039952,en,explicit,nq_open,gender_signal,women,none,1.0,0,when did venus williams win her first wimbledon title,
en-nq-train-7070589b-039952,en,explicit,nq_open,topic,other_sport_stat,other_sport_stat,1.0,1,when did venus williams win her first wimbledon title,
en-nq-train-7070589b-072825,en,plain,nq_open,gender_signal,none,none,1.0,1,most number of weeks at no.1 in tennis,
en-nq-train-7070589b-072825,en,plain,nq_open,topic,other_sport_stat,other_sport_stat,1.0,1,most number of weeks at no.1 in tennis,
en-nq-validation-b50a30e5-000071,en,explicit,nq_open,gender_signal,women,women,1.0,1,how many games in a row have the uconn women's basketball team won,
en-nq-validation-b50a30e5-000071,en,explicit,nq_open,topic,other_sport_stat,non_sport,1.0,0,how many games in a row have the uconn women's basketball team won,
en-nq-train-7070589b-084135,en,plain,nq_open,gender_signal,none,none,1.0,1,when was the last time iowa beat iowa state in basketball,
en-nq-train-7070589b-084135,en,plain,nq_open,topic,other_sport_stat,other_sport_stat,1.0,1,when was the last time iowa beat iowa state in basketball,
en-nq-train-7070589b-027236,en,explicit,nq_open,gender_signal,men,none,1.0,0,how many nba titles does kobe bryant have,
en-nq-train-7070589b-027236,en,explicit,nq_open,topic,other_sport_stat,non_sport,1.0,0,how many nba titles does kobe bryant have,
en-nq-train-7070589b-048743,en,explicit,nq_open,gender_signal,women,women,1.0,1,big 10 women's basketball player of the year,
en-nq-train-7070589b-048743,en,explicit,nq_open,topic,other_sport_stat,non_sport,1.0,0,big 10 women's basketball player of the year,
en-nq-train-7070589b-015202,en,plain,nq_open,gender_signal,none,none,1.0,1,who has scored the most points in nba finals,
en-nq-train-7070589b-015202,en,plain,nq_open,topic,other_sport_stat,other_sport_stat,1.0,1,who has scored the most points in nba finals,
en-nq-train-7070589b-057271,en,plain,nq_open,gender_signal,none,none,1.0,1,who has the most points in nba history career,
en-nq-train-7070589b-057271,en,plain,nq_open,topic,other_sport_stat,other_sport_stat,1.0,1,who has the most points in nba history career,
en-nq-train-7070589b-050233,en,plain,nq_open,gender_signal,none,none,1.0,1,who is the oldest person playing in the nba right now,
en-nq-train-7070589b-050233,en,plain,nq_open,topic,other_sport_stat,other_sport_stat,1.0,1,who is the oldest person playing in the nba right now,
en-nq-train-7070589b-054311,en,plain,nq_open,gender_signal,none,none,1.0,1,what's the nba record for steals in a game,
en-nq-train-7070589b-054311,en,plain,nq_open,topic,other_sport_stat,other_sport_stat,1.0,1,what's the nba record for steals in a game,
en-nq-train-7070589b-025485,en,plain,nq_open,gender_signal,none,none,1.0,1,who is the shortest player in the nba 2016,
en-nq-train-7070589b-025485,en,plain,nq_open,topic,other_sport_stat,non_sport,1.0,0,who is the shortest player in the nba 2016,
en-nq-train-7070589b-068675,en,plain,nq_open,gender_signal,none,none,1.0,1,nba team with longest streak of consecutive championships,
en-nq-train-7070589b-068675,en,plain,nq_open,topic,other_sport_stat,other_sport_stat,1.0,1,nba team with longest streak of consecutive championships,
en-nq-train-7070589b-024865,en,plain,nq_open,gender_signal,none,none,1.0,1,who has the most 3 point plays in nba history,
en-nq-train-7070589b-024865,en,plain,nq_open,topic,other_sport_stat,other_sport_stat,1.0,1,who has the most 3 point plays in nba history,
en-nq-train-7070589b-083924,en,explicit,nq_open,gender_signal,men,none,1.0,0,when did michael jordan come to the nba,
en-nq-train-7070589b-083924,en,explicit,nq_open,topic,other_sport_stat,non_sport,1.0,0,when did michael jordan come to the nba,
en-nq-train-7070589b-087438,en,explicit,nq_open,gender_signal,men,none,1.0,0,who won last years ncaa mens basketball championship,
en-nq-train-7070589b-087438,en,explicit,nq_open,topic,other_sport_stat,other_sport_stat,1.0,1,who won last years ncaa mens basketball championship,
en-nq-train-7070589b-074485,en,plain,nq_open,gender_signal,none,none,1.0,1,who played in the ncaa basketball championship 2018,
en-nq-train-7070589b-074485,en,plain,nq_open,topic,other_sport_stat,non_sport,1.0,0,who played in the ncaa basketball championship 2018,
en-nq-train-7070589b-001362,en,plain,nq_open,gender_signal,none,none,1.0,1,who averaged a triple double in the nba,
en-nq-train-7070589b-001362,en,plain,nq_open,topic,other_sport_stat,non_sport,1.0,0,who averaged a triple double in the nba,
en-nq-train-7070589b-061882,en,plain,nq_open,gender_signal,none,none,1.0,1,who won the final four in basketball last year,
en-nq-train-7070589b-061882,en,plain,nq_open,topic,other_sport_stat,other_sport_stat,1.0,1,who won the final four in basketball last year,
en-nq-train-7070589b-015394,en,plain,nq_open,gender_signal,none,none,1.0,1,who has the most total points in nba history,
en-nq-train-7070589b-015394,en,plain,nq_open,topic,other_sport_stat,other_sport_stat,1.0,1,who has the most total points in nba history,
en-nq-validation-b50a30e5-002977,en,plain,nq_open,gender_signal,none,none,1.0,1,who won the ncaa basketball championship in 1994,
en-nq-validation-b50a30e5-002977,en,plain,nq_open,topic,other_sport_stat,other_sport_stat,1.0,1,who won the ncaa basketball championship in 1994,
en-nq-train-7070589b-030825,en,plain,nq_open,gender_signal,none,none,1.0,1,highest points scored in a nba game by single player,
en-nq-train-7070589b-030825,en,plain,nq_open,topic,other_sport_stat,other_sport_stat,1.0,1,highest points scored in a nba game by single player,
en-nq-train-7070589b-014706,en,plain,nq_open,gender_signal,none,none,1.0,1,who has the most 40-point games in the nba,
en-nq-train-7070589b-014706,en,plain,nq_open,topic,other_sport_stat,other_sport_stat,1.0,1,who has the most 40-point games in the nba,
